state,gender,1910,1911,1912,1913,1914,1915,1916,1917,1918,1919,1920,1921,1922,1923,1924,1925,1926,1927,1928,1929,1930,1931,1932,1933,1934,1935,1936,1937,1938,1939,1940,1941,1942,1943,1944,1945,1946,1947,1948,1949,1950,1951,1952,1953,1954,1955,1956,1957,1958,1959,1960,1961,1962,1963,1964,1965,1966,1967,1968,1969,1970,1971,1972,1973,1974,1975,1976,1977,1978,1979,1980,1981,1982,1983,1984,1985,1986,1987,1988,1989,1990,1991,1992,1993,1994,1995,1996,1997,1998,1999,2000,2001,2002,2003,2004,2005,2006,2007,2008,2009,2010,2011,2012,2013,2014,2015,2016,2017,2018
AK,F,14.0,12.0,9.0,21.0,22.0,23.0,18.0,21.0,27.0,22.0,38.0,36.0,29.0,26.0,41.0,24.0,39.0,30.0,27.0,25.0,35.0,41.0,26.0,25.0,31.0,29.0,34.0,41.0,36.0,28.0,43.0,41.0,44.0,46.0,42.0,47.0,47.0,63.0,71.0,79.0,71.0,77.0,75.0,81.0,92.0,91.0,95.0,99.0,84.0,61.0,78.0,80.0,86.0,78.0,84.0,68.0,67.0,59.0,36.0,51.0,47.0,46.0,31.0,29.0,35.0,29.0,23.0,26.0,29.0,25.0,38.0,32.0,29.0,36.0,31.0,42.0,27.0,32.0,28.0,29.0,27.0,31.0,21.0,26.0,21.0,31.0,14.0,25.0,19.0,19.0,18.0,16.0,16.0,9.0,11.0,18.0,9.0,12.0,12.0,6.0,15.0,15.0,15.0,14.0,7.0,8.0,11.0,5.0,6.0
AL,F,875.0,804.0,1041.0,1125.0,1429.0,1552.0,1722.0,1825.0,1914.0,2222.0,2360.0,2316.0,2383.0,2419.0,2597.0,2695.0,2532.0,2613.0,2501.0,2341.0,2398.0,2273.0,2338.0,2108.0,2287.0,2214.0,2016.0,2155.0,2192.0,2075.0,2076.0,2099.0,2354.0,2306.0,2080.0,2081.0,2106.0,2116.0,2074.0,1975.0,1840.0,1707.0,1717.0,1501.0,1453.0,1354.0,1246.0,1224.0,1042.0,1049.0,981.0,931.0,821.0,781.0,800.0,715.0,645.0,590.0,496.0,465.0,455.0,444.0,361.0,320.0,339.0,254.0,290.0,268.0,291.0,253.0,320.0,298.0,315.0,282.0,266.0,274.0,240.0,246.0,275.0,257.0,294.0,266.0,259.0,243.0,284.0,282.0,276.0,264.0,243.0,269.0,261.0,234.0,265.0,204.0,204.0,221.0,150.0,191.0,183.0,144.0,147.0,138.0,123.0,127.0,112.0,120.0,126.0,128.0,127.0
AL,M,8.0,6.0,11.0,6.0,,5.0,7.0,7.0,12.0,14.0,6.0,13.0,8.0,10.0,8.0,11.0,14.0,16.0,14.0,15.0,17.0,26.0,21.0,18.0,18.0,16.0,17.0,14.0,15.0,10.0,12.0,16.0,15.0,8.0,9.0,5.0,6.0,7.0,,5.0,8.0,5.0,7.0,5.0,7.0,7.0,,,5.0,7.0,,5.0,,6.0,6.0,5.0,,,,,,,,,,,,,,,,,,,,,,,,,,,,,,,,,,,,,,,,,,,,,,,,,,,,,
AR,F,408.0,386.0,491.0,527.0,645.0,837.0,904.0,957.0,1048.0,1101.0,1206.0,1190.0,1283.0,1257.0,1364.0,1400.0,1321.0,1343.0,1173.0,1239.0,1321.0,1174.0,1249.0,1149.0,1212.0,1228.0,1087.0,1148.0,1159.0,1111.0,1190.0,1224.0,1208.0,1225.0,1114.0,971.0,1074.0,1188.0,1131.0,1017.0,975.0,893.0,841.0,763.0,719.0,680.0,642.0,669.0,551.0,502.0,478.0,441.0,438.0,389.0,379.0,339.0,295.0,255.0,210.0,195.0,228.0,177.0,183.0,139.0,165.0,149.0,120.0,145.0,132.0,120.0,140.0,133.0,123.0,130.0,121.0,131.0,119.0,97.0,128.0,112.0,95.0,119.0,89.0,92.0,95.0,96.0,69.0,97.0,86.0,87.0,85.0,88.0,100.0,79.0,86.0,68.0,57.0,54.0,39.0,44.0,45.0,33.0,34.0,46.0,34.0,33.0,33.0,30.0,38.0
AR,M,,,,,,,5.0,,5.0,,,6.0,,5.0,,5.0,6.0,5.0,5.0,10.0,,10.0,,7.0,12.0,6.0,6.0,7.0,5.0,7.0,9.0,9.0,5.0,7.0,6.0,,,6.0,,,,5.0,,,,,,,,,,,,,,,,,,,,,,,,,,,,,,,,,,,,,,,,,,,,,,,,,,,,,,,,,,,,,,,,,,,
AZ,F,74.0,67.0,100.0,103.0,133.0,158.0,191.0,218.0,272.0,289.0,281.0,266.0,252.0,272.0,281.0,293.0,301.0,310.0,283.0,303.0,286.0,298.0,288.0,265.0,286.0,310.0,298.0,355.0,333.0,347.0,319.0,349.0,353.0,431.0,383.0,366.0,385.0,425.0,442.0,412.0,415.0,439.0,469.0,496.0,464.0,490.0,450.0,475.0,458.0,422.0,410.0,377.0,360.0,328.0,368.0,278.0,246.0,220.0,195.0,181.0,169.0,141.0,122.0,151.0,117.0,106.0,107.0,111.0,115.0,95.0,121.0,112.0,108.0,103.0,82.0,90.0,90.0,95.0,113.0,86.0,89.0,98.0,99.0,106.0,76.0,101.0,90.0,84.0,83.0,78.0,63.0,56.0,64.0,55.0,54.0,41.0,66.0,45.0,54.0,36.0,43.0,27.0,33.0,33.0,31.0,28.0,36.0,26.0,23.0
AZ,M,,,,,,,,,,,,,,,,,,,,,,,,,,6.0,,,,,,,,,,,,,,,,,,,,,,,,,,,,,,,,,,,,,,,,,,,,,,,,,,,,,,,,,,,,,,,,,,,,,,,,,,,,,,,,,,,
CA,F,295.0,390.0,534.0,584.0,773.0,998.0,1091.0,1149.0,1251.0,1205.0,1554.0,1697.0,1733.0,1829.0,1958.0,1890.0,1721.0,1816.0,1787.0,1717.0,1848.0,1627.0,1498.0,1470.0,1590.0,1484.0,1541.0,1712.0,1875.0,1698.0,1821.0,1952.0,2440.0,2928.0,2975.0,3019.0,3147.0,3460.0,3425.0,3219.0,3131.0,3187.0,3421.0,3398.0,3716.0,3393.0,3412.0,3463.0,3158.0,3193.0,3104.0,2716.0,2755.0,2610.0,2710.0,2239.0,1853.0,1621.0,1448.0,1344.0,1277.0,1056.0,928.0,796.0,742.0,729.0,721.0,709.0,701.0,807.0,832.0,845.0,837.0,752.0,754.0,706.0,671.0,649.0,707.0,682.0,678.0,723.0,706.0,639.0,567.0,550.0,500.0,446.0,428.0,438.0,416.0,381.0,339.0,303.0,293.0,282.0,270.0,240.0,220.0,202.0,177.0,201.0,167.0,193.0,175.0,179.0,145.0,153.0,148.0
CA,M,,,,,,5.0,,5.0,9.0,6.0,5.0,,6.0,7.0,9.0,8.0,13.0,11.0,12.0,14.0,15.0,13.0,10.0,10.0,6.0,11.0,13.0,10.0,6.0,7.0,9.0,15.0,12.0,10.0,8.0,13.0,9.0,12.0,5.0,11.0,,,,,7.0,5.0,9.0,11.0,5.0,,8.0,8.0,13.0,10.0,8.0,7.0,8.0,15.0,7.0,10.0,7.0,6.0,,,,,,,6.0,6.0,,,5.0,7.0,9.0,6.0,,10.0,7.0,7.0,9.0,9.0,,,,,,,,,,,,,,,,,,,,,,,,,,,
CO,F,193.0,169.0,234.0,258.0,338.0,387.0,457.0,462.0,539.0,472.0,576.0,627.0,612.0,626.0,551.0,533.0,542.0,512.0,539.0,522.0,515.0,511.0,496.0,469.0,510.0,471.0,487.0,528.0,458.0,476.0,486.0,474.0,500.0,534.0,522.0,476.0,553.0,618.0,583.0,559.0,548.0,575.0,562.0,574.0,557.0,498.0,567.0,474.0,462.0,448.0,438.0,418.0,343.0,347.0,354.0,293.0,241.0,219.0,161.0,171.0,173.0,157.0,118.0,105.0,111.0,112.0,122.0,96.0,110.0,113.0,106.0,125.0,127.0,114.0,119.0,119.0,98.0,111.0,97.0,102.0,75.0,91.0,76.0,75.0,76.0,79.0,92.0,89.0,79.0,87.0,90.0,70.0,57.0,75.0,82.0,49.0,61.0,39.0,50.0,44.0,30.0,34.0,32.0,40.0,38.0,33.0,45.0,31.0,32.0
CO,M,,,,,,,,,,,,,,,,,,,8.0,,,,,,,,,,,,,5.0,,,5.0,,,,,,,,,,,,,,,,,,,,,,,,,,,,,,,,,,,,,,,,,,,,,,,,,,,,,,,,,,,,,,,,,,,,,,,,,,
CT,F,304.0,382.0,471.0,606.0,851.0,989.0,1078.0,1138.0,1119.0,969.0,970.0,1010.0,836.0,863.0,760.0,729.0,751.0,668.0,643.0,624.0,625.0,552.0,494.0,492.0,459.0,428.0,422.0,438.0,390.0,419.0,450.0,509.0,581.0,589.0,520.0,532.0,643.0,665.0,619.0,586.0,613.0,623.0,629.0,667.0,752.0,773.0,752.0,761.0,702.0,764.0,682.0,661.0,575.0,591.0,592.0,519.0,381.0,336.0,277.0,256.0,236.0,197.0,136.0,124.0,89.0,89.0,103.0,83.0,95.0,80.0,120.0,105.0,98.0,99.0,73.0,92.0,81.0,76.0,94.0,93.0,96.0,109.0,84.0,95.0,99.0,80.0,73.0,65.0,68.0,68.0,66.0,49.0,59.0,50.0,50.0,44.0,30.0,38.0,27.0,27.0,29.0,22.0,20.0,24.0,22.0,13.0,22.0,22.0,18.0
CT,M,,,,,,,,,,,,,,,,,,,,5.0,,,,,,,,,,,,,,,,,,,,,,,,,,5.0,,,5.0,5.0,,,6.0,,,,,,,,,,,,,,,,,,,,,,,,,,,,,,,,,,,,,,,,,,,,,,,,,,,,,,,,
DC,F,80.0,88.0,122.0,136.0,176.0,195.0,200.0,234.0,247.0,274.0,255.0,362.0,347.0,350.0,345.0,346.0,295.0,347.0,335.0,286.0,293.0,257.0,310.0,294.0,288.0,325.0,320.0,330.0,347.0,367.0,365.0,400.0,515.0,546.0,520.0,494.0,559.0,533.0,518.0,491.0,519.0,535.0,516.0,510.0,519.0,526.0,433.0,471.0,435.0,408.0,368.0,374.0,319.0,307.0,287.0,251.0,221.0,175.0,144.0,137.0,112.0,103.0,72.0,50.0,50.0,65.0,49.0,59.0,53.0,54.0,50.0,60.0,50.0,45.0,54.0,54.0,44.0,55.0,38.0,23.0,51.0,48.0,46.0,46.0,48.0,30.0,26.0,19.0,28.0,31.0,20.0,26.0,27.0,22.0,26.0,16.0,17.0,19.0,13.0,11.0,17.0,16.0,18.0,14.0,17.0,16.0,10.0,9.0,15.0
DC,M,,,,,,,,,,,,,,,,,,,,,,,,,,5.0,,,,,,,5.0,,,,,,,,,,,,,,,,,,,,,,,,,,,,,,,,,,,,,,,,,,,,,,,35.0,6.0,,,,,,,,,,,,,,,,,,,,,,,,,,,,
DE,F,59.0,49.0,77.0,80.0,101.0,141.0,114.0,161.0,178.0,181.0,165.0,141.0,162.0,149.0,132.0,101.0,115.0,120.0,116.0,115.0,105.0,101.0,96.0,71.0,93.0,92.0,102.0,98.0,96.0,98.0,115.0,111.0,123.0,133.0,135.0,139.0,125.0,138.0,145.0,135.0,149.0,132.0,136.0,161.0,165.0,190.0,165.0,166.0,158.0,166.0,131.0,142.0,139.0,130.0,128.0,98.0,93.0,66.0,62.0,55.0,56.0,45.0,54.0,30.0,44.0,42.0,39.0,23.0,34.0,24.0,32.0,30.0,29.0,27.0,24.0,18.0,31.0,39.0,24.0,32.0,34.0,33.0,21.0,28.0,35.0,21.0,16.0,21.0,25.0,11.0,24.0,24.0,18.0,14.0,13.0,8.0,5.0,5.0,10.0,5.0,6.0,7.0,,,5.0,,,8.0,
FL,F,239.0,223.0,290.0,327.0,427.0,482.0,537.0,581.0,585.0,620.0,626.0,717.0,706.0,793.0,847.0,972.0,1069.0,1042.0,916.0,823.0,801.0,782.0,838.0,680.0,787.0,780.0,783.0,816.0,804.0,888.0,901.0,907.0,1066.0,1215.0,1175.0,1216.0,1123.0,1237.0,1225.0,1107.0,1156.0,1223.0,1229.0,1224.0,1243.0,1253.0,1347.0,1239.0,1256.0,1195.0,1201.0,1132.0,1002.0,967.0,1052.0,849.0,781.0,704.0,641.0,549.0,578.0,545.0,455.0,445.0,417.0,379.0,385.0,348.0,363.0,342.0,407.0,422.0,418.0,360.0,321.0,356.0,327.0,348.0,340.0,361.0,357.0,371.0,328.0,322.0,327.0,291.0,253.0,221.0,232.0,234.0,223.0,219.0,195.0,175.0,200.0,166.0,146.0,153.0,114.0,93.0,101.0,75.0,80.0,84.0,83.0,74.0,70.0,77.0,79.0
FL,M,,,,,,,,,,,6.0,,,,5.0,10.0,,6.0,9.0,6.0,,5.0,7.0,,5.0,,6.0,,,7.0,,,7.0,5.0,,,,,,,,6.0,,,,,6.0,,,8.0,6.0,,,,6.0,,,,,,,,,,,,,,,,,,,5.0,,,,6.0,,,,,,,,,,,,,,,,,,,,,,,,,,,,,,,
GA,F,841.0,893.0,1170.0,1223.0,1471.0,1683.0,1948.0,2025.0,2203.0,2386.0,2538.0,2474.0,2614.0,2403.0,2504.0,2555.0,2376.0,2356.0,2212.0,2153.0,2171.0,2133.0,2214.0,2114.0,2220.0,2086.0,1923.0,2099.0,2182.0,2196.0,2174.0,2175.0,2315.0,2382.0,2316.0,2099.0,2253.0,2350.0,2285.0,2251.0,2064.0,1982.0,1971.0,1827.0,1773.0,1629.0,1508.0,1454.0,1320.0,1278.0,1168.0,1103.0,1020.0,897.0,978.0,843.0,790.0,690.0,592.0,587.0,608.0,583.0,450.0,399.0,427.0,341.0,363.0,383.0,342.0,367.0,403.0,382.0,372.0,342.0,364.0,369.0,365.0,395.0,346.0,365.0,358.0,378.0,358.0,367.0,352.0,344.0,341.0,348.0,351.0,377.0,364.0,315.0,348.0,296.0,297.0,244.0,244.0,195.0,200.0,194.0,175.0,148.0,134.0,143.0,148.0,158.0,148.0,133.0,124.0
GA,M,,5.0,,6.0,,11.0,8.0,6.0,7.0,8.0,7.0,8.0,11.0,7.0,14.0,9.0,13.0,13.0,11.0,15.0,13.0,9.0,12.0,18.0,14.0,14.0,15.0,13.0,17.0,10.0,16.0,12.0,13.0,11.0,15.0,7.0,7.0,9.0,5.0,8.0,5.0,6.0,5.0,9.0,,,9.0,12.0,11.0,11.0,,6.0,,,5.0,6.0,,,,,,,,,,,,,,,,,,,,,,,,,,,,,,,,,,,,,,,,,,,,,,,,,,,,,
HI,F,47.0,56.0,62.0,60.0,79.0,92.0,86.0,88.0,103.0,100.0,102.0,121.0,101.0,103.0,119.0,100.0,113.0,95.0,111.0,108.0,122.0,114.0,102.0,92.0,71.0,81.0,59.0,69.0,63.0,90.0,66.0,52.0,69.0,73.0,82.0,89.0,76.0,96.0,98.0,87.0,96.0,85.0,80.0,81.0,85.0,69.0,95.0,85.0,114.0,89.0,82.0,102.0,82.0,92.0,99.0,60.0,63.0,57.0,39.0,53.0,43.0,36.0,37.0,31.0,30.0,25.0,26.0,22.0,31.0,22.0,29.0,22.0,19.0,21.0,16.0,13.0,18.0,14.0,15.0,15.0,15.0,17.0,12.0,16.0,14.0,16.0,9.0,,12.0,9.0,6.0,12.0,,,5.0,7.0,,,7.0,,8.0,,5.0,9.0,7.0,5.0,,7.0,
IA,F,239.0,279.0,403.0,480.0,624.0,867.0,982.0,1077.0,1070.0,1076.0,1213.0,1215.0,1144.0,1204.0,1160.0,1122.0,1051.0,1170.0,1100.0,1025.0,1140.0,1118.0,1077.0,1059.0,1092.0,1024.0,1072.0,1100.0,1087.0,1028.0,1099.0,1091.0,1192.0,1242.0,1173.0,1079.0,1296.0,1397.0,1354.0,1290.0,1313.0,1361.0,1219.0,1218.0,1274.0,1154.0,1082.0,966.0,830.0,832.0,789.0,780.0,729.0,685.0,615.0,495.0,449.0,344.0,309.0,270.0,245.0,217.0,156.0,121.0,119.0,129.0,116.0,112.0,133.0,112.0,134.0,118.0,117.0,110.0,94.0,91.0,72.0,58.0,73.0,64.0,62.0,80.0,64.0,75.0,53.0,67.0,59.0,54.0,53.0,52.0,54.0,48.0,43.0,31.0,40.0,34.0,37.0,22.0,31.0,27.0,26.0,21.0,21.0,27.0,16.0,19.0,24.0,22.0,23.0
IA,M,,,,5.0,,,,,,5.0,,,,,,,,,,,7.0,,,,,6.0,,,,,,,,,6.0,,,,,,,,,,,,,,,,,6.0,,,,,,,,,,,,,,,,,,,,,,,,,,,,,,,,,,,,,,,,,,,,,,,,,,,,,,,,,
ID,F,53.0,50.0,77.0,91.0,93.0,149.0,171.0,199.0,214.0,185.0,209.0,207.0,223.0,195.0,180.0,169.0,135.0,142.0,147.0,151.0,125.0,159.0,145.0,135.0,120.0,136.0,145.0,158.0,156.0,144.0,144.0,126.0,150.0,162.0,174.0,169.0,180.0,188.0,177.0,198.0,187.0,169.0,186.0,184.0,158.0,167.0,157.0,149.0,154.0,134.0,121.0,110.0,94.0,99.0,101.0,98.0,66.0,54.0,56.0,44.0,46.0,49.0,42.0,35.0,43.0,51.0,37.0,54.0,42.0,49.0,56.0,47.0,45.0,36.0,36.0,36.0,24.0,21.0,32.0,23.0,29.0,21.0,24.0,33.0,23.0,30.0,22.0,16.0,15.0,24.0,29.0,18.0,22.0,18.0,25.0,17.0,17.0,13.0,11.0,12.0,7.0,10.0,11.0,9.0,17.0,7.0,12.0,11.0,10.0
IL,F,1076.0,1207.0,1594.0,1956.0,2332.0,3043.0,3287.0,3474.0,3381.0,3395.0,3472.0,3674.0,3519.0,3607.0,3553.0,3498.0,3337.0,3575.0,3415.0,3276.0,3442.0,3118.0,2904.0,2754.0,2670.0,2569.0,2680.0,2772.0,2734.0,2634.0,2770.0,2797.0,3205.0,3352.0,3110.0,2931.0,3493.0,3939.0,3647.0,3728.0,3812.0,3779.0,3871.0,3806.0,4340.0,4100.0,4011.0,3992.0,3660.0,3699.0,3569.0,3156.0,2781.0,2657.0,2557.0,2101.0,1706.0,1440.0,1319.0,1170.0,1045.0,883.0,692.0,637.0,628.0,577.0,503.0,547.0,490.0,537.0,623.0,598.0,519.0,523.0,426.0,449.0,394.0,457.0,392.0,415.0,393.0,439.0,395.0,420.0,348.0,356.0,314.0,320.0,293.0,279.0,293.0,247.0,261.0,239.0,205.0,196.0,172.0,157.0,127.0,106.0,96.0,92.0,85.0,105.0,86.0,91.0,72.0,78.0,84.0
IL,M,6.0,,,5.0,8.0,12.0,9.0,8.0,,7.0,9.0,11.0,,11.0,8.0,14.0,11.0,18.0,11.0,15.0,22.0,21.0,11.0,12.0,8.0,11.0,8.0,23.0,19.0,11.0,15.0,16.0,9.0,10.0,13.0,9.0,6.0,8.0,,9.0,,5.0,9.0,6.0,11.0,9.0,5.0,15.0,7.0,15.0,10.0,7.0,9.0,5.0,6.0,14.0,5.0,,10.0,,5.0,6.0,,,,,,,,,,7.0,,,,,,,,,,,,,,,,,,,,,,,,,,,,,,,,,,,,,
IN,F,619.0,612.0,935.0,1104.0,1349.0,1977.0,2223.0,2231.0,2316.0,2209.0,2394.0,2633.0,2376.0,2398.0,2399.0,2221.0,2063.0,2188.0,2052.0,1794.0,1885.0,1581.0,1617.0,1497.0,1466.0,1407.0,1370.0,1437.0,1459.0,1278.0,1285.0,1360.0,1547.0,1587.0,1407.0,1331.0,1611.0,1610.0,1663.0,1560.0,1517.0,1620.0,1540.0,1525.0,1602.0,1471.0,1490.0,1477.0,1354.0,1283.0,1257.0,1151.0,1016.0,975.0,956.0,845.0,684.0,646.0,537.0,504.0,517.0,422.0,357.0,320.0,313.0,284.0,272.0,300.0,300.0,282.0,288.0,278.0,292.0,250.0,208.0,210.0,198.0,186.0,193.0,206.0,215.0,204.0,185.0,182.0,200.0,178.0,195.0,165.0,160.0,155.0,159.0,138.0,129.0,126.0,146.0,115.0,103.0,92.0,90.0,75.0,69.0,81.0,63.0,59.0,72.0,61.0,69.0,72.0,56.0
IN,M,,5.0,,,6.0,,,,,,10.0,7.0,6.0,5.0,6.0,,7.0,9.0,6.0,8.0,,9.0,7.0,10.0,7.0,7.0,6.0,5.0,5.0,5.0,,10.0,,10.0,6.0,,,,5.0,,,5.0,,,,5.0,,5.0,,5.0,5.0,5.0,,,5.0,5.0,,,,,,,,,,6.0,,,,,,,,,,,,,,,,,,,,,,,,,,,,,,,,,,,,,,,,,,,
KS,F,251.0,278.0,369.0,437.0,527.0,671.0,757.0,856.0,884.0,829.0,890.0,1058.0,979.0,982.0,952.0,925.0,905.0,987.0,861.0,845.0,860.0,838.0,792.0,771.0,814.0,673.0,711.0,649.0,738.0,712.0,662.0,642.0,688.0,746.0,745.0,644.0,739.0,812.0,727.0,796.0,681.0,747.0,724.0,733.0,655.0,717.0,631.0,615.0,554.0,537.0,513.0,427.0,425.0,396.0,358.0,273.0,235.0,212.0,198.0,188.0,153.0,138.0,105.0,109.0,90.0,107.0,83.0,93.0,110.0,89.0,98.0,118.0,119.0,86.0,98.0,87.0,83.0,64.0,73.0,85.0,62.0,64.0,63.0,84.0,81.0,53.0,73.0,66.0,60.0,51.0,67.0,49.0,44.0,56.0,51.0,39.0,29.0,31.0,45.0,27.0,26.0,23.0,34.0,33.0,33.0,27.0,30.0,32.0,36.0
KS,M,,,,,,,,,,,,,,,,,,,,,,,,,,,5.0,,,,,,,,,,,,,,,,,,,,,,,,,,,,,,,,,,,,,,,,,,,,,,,,,,,,,,,,,,,,,,,,,,,,,,,,,,,,,,,,,,
KY,F,793.0,827.0,984.0,1189.0,1322.0,1807.0,1834.0,1913.0,2138.0,2162.0,2339.0,2510.0,2442.0,2345.0,2537.0,2342.0,2312.0,2351.0,2165.0,1994.0,2001.0,1874.0,1951.0,1853.0,1881.0,1810.0,1691.0,1726.0,1783.0,1732.0,1787.0,1698.0,1747.0,1678.0,1599.0,1434.0,1734.0,1814.0,1673.0,1593.0,1559.0,1464.0,1385.0,1409.0,1465.0,1312.0,1243.0,1197.0,1130.0,1130.0,997.0,966.0,945.0,841.0,863.0,743.0,595.0,586.0,511.0,446.0,462.0,461.0,369.0,338.0,343.0,339.0,310.0,318.0,305.0,310.0,352.0,302.0,256.0,247.0,261.0,221.0,212.0,202.0,174.0,211.0,188.0,188.0,185.0,182.0,179.0,162.0,151.0,160.0,149.0,132.0,143.0,120.0,119.0,100.0,80.0,97.0,105.0,86.0,71.0,72.0,51.0,63.0,59.0,71.0,41.0,42.0,52.0,62.0,55.0
KY,M,,,6.0,7.0,5.0,8.0,10.0,6.0,5.0,7.0,5.0,,7.0,10.0,14.0,14.0,13.0,9.0,12.0,10.0,11.0,12.0,17.0,8.0,9.0,14.0,8.0,12.0,8.0,6.0,10.0,9.0,8.0,9.0,,6.0,5.0,,8.0,,,,,,,,,,,,,7.0,,,6.0,6.0,,,,,,,,,,,,,,,,,,,,,,,,,,,,,,,,,,,,,,,16.0,,,,,,,,,,,,,,
LA,F,586.0,502.0,658.0,634.0,747.0,817.0,881.0,957.0,1111.0,1164.0,1301.0,1195.0,1268.0,1263.0,1289.0,1304.0,1340.0,1378.0,1266.0,1306.0,1200.0,1227.0,1312.0,1140.0,1245.0,1213.0,1250.0,1298.0,1327.0,1485.0,1412.0,1553.0,1625.0,1604.0,1639.0,1468.0,1599.0,1642.0,1485.0,1557.0,1581.0,1515.0,1506.0,1472.0,1563.0,1342.0,1348.0,1320.0,1212.0,1129.0,1087.0,1012.0,963.0,871.0,937.0,684.0,622.0,535.0,441.0,411.0,448.0,355.0,282.0,261.0,220.0,241.0,235.0,224.0,227.0,231.0,250.0,230.0,250.0,227.0,236.0,219.0,195.0,164.0,169.0,153.0,170.0,175.0,161.0,154.0,184.0,146.0,139.0,123.0,144.0,119.0,110.0,104.0,114.0,114.0,88.0,97.0,79.0,62.0,75.0,64.0,61.0,57.0,63.0,58.0,66.0,57.0,57.0,56.0,55.0
LA,M,,,7.0,,,,,,,,5.0,,7.0,6.0,,5.0,,11.0,5.0,7.0,10.0,5.0,7.0,6.0,9.0,8.0,11.0,9.0,6.0,9.0,10.0,6.0,11.0,6.0,6.0,,6.0,,5.0,5.0,,5.0,5.0,6.0,5.0,,6.0,5.0,,,,,,7.0,,,,5.0,5.0,,,,,,,,,,,,,,,,,,,,,,,,,,,,,,,,,,,,,,,,,,,,,,,,,,
MA,F,989.0,1248.0,1636.0,1874.0,2497.0,2794.0,2754.0,2818.0,3006.0,2769.0,2970.0,3036.0,2847.0,2779.0,2746.0,2505.0,2331.0,2260.0,2151.0,1938.0,1959.0,1797.0,1728.0,1513.0,1507.0,1424.0,1430.0,1364.0,1275.0,1303.0,1322.0,1439.0,1624.0,1703.0,1520.0,1417.0,1665.0,1858.0,1817.0,1730.0,1711.0,1702.0,1772.0,1754.0,2129.0,1884.0,1969.0,1992.0,1837.0,1753.0,1694.0,1558.0,1372.0,1308.0,1251.0,1120.0,820.0,759.0,575.0,508.0,437.0,347.0,304.0,232.0,213.0,209.0,168.0,209.0,206.0,208.0,198.0,179.0,196.0,193.0,167.0,178.0,134.0,176.0,194.0,193.0,194.0,203.0,208.0,163.0,161.0,188.0,164.0,147.0,146.0,152.0,117.0,130.0,135.0,104.0,108.0,83.0,70.0,66.0,54.0,61.0,56.0,50.0,49.0,45.0,52.0,63.0,54.0,31.0,41.0
MA,M,6.0,,6.0,,6.0,,,6.0,,,,,6.0,6.0,11.0,,,6.0,7.0,5.0,7.0,6.0,6.0,8.0,14.0,7.0,9.0,7.0,5.0,7.0,,10.0,7.0,7.0,7.0,6.0,7.0,,,,,,,7.0,5.0,,,5.0,6.0,6.0,,,,6.0,,,,,,,,,,,,,,,,,,,,,,,,,,,,,,,,,,,,,,,,,,,,,,,,,,,,,,,
MD,F,393.0,425.0,562.0,617.0,718.0,963.0,961.0,1031.0,1076.0,1069.0,1208.0,1302.0,1189.0,1226.0,1248.0,1181.0,1145.0,1201.0,1132.0,1050.0,1044.0,930.0,995.0,904.0,886.0,882.0,875.0,877.0,890.0,846.0,906.0,988.0,1064.0,1191.0,1083.0,965.0,1183.0,1255.0,1041.0,1023.0,1029.0,1063.0,1088.0,1127.0,1206.0,1104.0,1108.0,1012.0,1015.0,1001.0,920.0,849.0,815.0,827.0,729.0,713.0,539.0,529.0,440.0,383.0,371.0,317.0,267.0,223.0,218.0,166.0,181.0,176.0,151.0,170.0,194.0,191.0,199.0,169.0,159.0,166.0,180.0,144.0,167.0,168.0,215.0,202.0,190.0,149.0,185.0,149.0,146.0,149.0,149.0,98.0,141.0,123.0,92.0,96.0,85.0,90.0,76.0,61.0,82.0,62.0,54.0,52.0,55.0,41.0,49.0,40.0,46.0,50.0,44.0
MD,M,,,,,,,,,,,,,,,5.0,5.0,,,5.0,6.0,9.0,5.0,6.0,7.0,6.0,,,,,8.0,,9.0,,,,,,6.0,,,,,,,,,,,,,5.0,,,5.0,,,,,5.0,,,,,,,,,,,,,,,,,,,,,,,,,,,,,,,,,,,,,,,,,,,,,,,,,,
ME,F,92.0,83.0,131.0,140.0,182.0,237.0,261.0,249.0,262.0,281.0,311.0,293.0,296.0,257.0,289.0,285.0,261.0,261.0,217.0,220.0,213.0,256.0,248.0,224.0,219.0,230.0,223.0,236.0,208.0,211.0,223.0,211.0,265.0,245.0,223.0,226.0,263.0,282.0,262.0,275.0,264.0,225.0,220.0,234.0,247.0,255.0,239.0,275.0,227.0,214.0,210.0,217.0,201.0,160.0,191.0,148.0,133.0,105.0,112.0,89.0,74.0,69.0,63.0,38.0,46.0,47.0,40.0,42.0,37.0,40.0,47.0,41.0,49.0,38.0,31.0,32.0,35.0,32.0,33.0,24.0,34.0,26.0,34.0,26.0,28.0,21.0,16.0,28.0,20.0,15.0,14.0,19.0,16.0,18.0,12.0,11.0,9.0,11.0,8.0,9.0,6.0,,7.0,9.0,6.0,5.0,,7.0,5.0
MI,F,349.0,456.0,628.0,744.0,885.0,1447.0,1587.0,1774.0,1787.0,1554.0,1809.0,1958.0,1772.0,1961.0,1946.0,1933.0,2113.0,2156.0,2250.0,2208.0,2291.0,2092.0,2002.0,1936.0,2034.0,1848.0,2066.0,1958.0,2118.0,1999.0,2018.0,2289.0,2456.0,2734.0,2493.0,2503.0,2811.0,2961.0,2933.0,2983.0,2937.0,3090.0,2961.0,3059.0,3436.0,3142.0,3155.0,3196.0,2746.0,2775.0,2517.0,2344.0,2106.0,2027.0,1983.0,1585.0,1384.0,1127.0,948.0,843.0,779.0,658.0,556.0,507.0,413.0,407.0,367.0,389.0,345.0,379.0,431.0,405.0,371.0,348.0,321.0,300.0,285.0,287.0,285.0,295.0,303.0,265.0,249.0,222.0,218.0,225.0,197.0,195.0,194.0,191.0,152.0,171.0,130.0,138.0,145.0,104.0,95.0,105.0,87.0,80.0,70.0,60.0,60.0,75.0,57.0,62.0,57.0,54.0,56.0
MI,M,,,,,,5.0,,,,,,8.0,,,8.0,10.0,12.0,,12.0,10.0,5.0,7.0,,5.0,11.0,5.0,9.0,5.0,6.0,9.0,11.0,8.0,8.0,8.0,9.0,8.0,,9.0,8.0,,,,,6.0,,12.0,,,5.0,11.0,8.0,5.0,8.0,7.0,8.0,8.0,,7.0,5.0,,,,7.0,,,,,,,,,,,,,,,,,,,,,,,,,,,,,,,,,,,,,,,,,,,,,,
MN,F,216.0,267.0,379.0,430.0,501.0,731.0,810.0,756.0,754.0,733.0,825.0,872.0,849.0,895.0,854.0,805.0,942.0,913.0,889.0,942.0,931.0,944.0,979.0,895.0,931.0,981.0,1024.0,962.0,1010.0,1053.0,1135.0,1148.0,1293.0,1400.0,1316.0,1348.0,1693.0,1753.0,1768.0,1639.0,1813.0,1856.0,1756.0,1681.0,1918.0,1720.0,1725.0,1731.0,1595.0,1635.0,1468.0,1327.0,1242.0,1141.0,1113.0,821.0,669.0,533.0,443.0,336.0,343.0,241.0,206.0,183.0,182.0,141.0,156.0,155.0,150.0,175.0,177.0,173.0,224.0,140.0,149.0,144.0,160.0,116.0,129.0,125.0,134.0,124.0,138.0,142.0,106.0,105.0,116.0,109.0,86.0,93.0,87.0,113.0,83.0,82.0,86.0,65.0,73.0,41.0,56.0,44.0,52.0,35.0,44.0,34.0,42.0,41.0,44.0,38.0,23.0
MN,M,,,,,,,,,,,,,,,,,,,7.0,,,,5.0,,,,,,,8.0,,,5.0,,,,5.0,,,9.0,,,,5.0,5.0,,,,5.0,5.0,,,,,,,,,,,,,,,,,,,,,,,,,,,,,,,,,,,,,,,,,,,,,,,,,,,,,,,,,,,
MO,F,611.0,626.0,834.0,971.0,1126.0,1562.0,1735.0,1882.0,1950.0,1817.0,2022.0,2122.0,2107.0,2116.0,2261.0,2155.0,2098.0,2313.0,2088.0,1872.0,1989.0,1885.0,1972.0,1724.0,1796.0,1669.0,1681.0,1680.0,1688.0,1618.0,1707.0,1743.0,1854.0,1850.0,1794.0,1682.0,1946.0,2061.0,1934.0,1862.0,1817.0,1783.0,1794.0,1668.0,1817.0,1691.0,1725.0,1609.0,1535.0,1408.0,1350.0,1280.0,1132.0,1060.0,1043.0,913.0,710.0,627.0,492.0,519.0,468.0,440.0,357.0,295.0,291.0,295.0,277.0,290.0,243.0,246.0,278.0,269.0,259.0,282.0,238.0,239.0,215.0,195.0,227.0,225.0,218.0,233.0,232.0,203.0,200.0,209.0,164.0,175.0,166.0,139.0,167.0,138.0,117.0,131.0,99.0,111.0,118.0,95.0,80.0,107.0,71.0,74.0,62.0,72.0,74.0,68.0,60.0,58.0,47.0
MO,M,,,,6.0,,,5.0,,,,9.0,7.0,,,5.0,5.0,7.0,11.0,7.0,11.0,6.0,10.0,8.0,9.0,14.0,6.0,7.0,5.0,7.0,5.0,10.0,9.0,8.0,5.0,7.0,9.0,,,,,,,,,5.0,,,,,6.0,,7.0,8.0,7.0,,,,,,,,,,,,,,,,5.0,,,,,,,,,,,,,,,,,,,,,,,,,,,,,,,,,,,,,,,
MS,F,762.0,606.0,806.0,899.0,970.0,1141.0,1263.0,1215.0,1348.0,1520.0,1557.0,1525.0,1720.0,1617.0,1735.0,1777.0,1714.0,1840.0,1680.0,1623.0,1663.0,1464.0,1569.0,1497.0,1491.0,1504.0,1549.0,1500.0,1538.0,1565.0,1557.0,1631.0,1652.0,1715.0,1544.0,1500.0,1621.0,1743.0,1714.0,1764.0,1637.0,1594.0,1532.0,1497.0,1378.0,1312.0,1225.0,1163.0,1004.0,1008.0,940.0,836.0,814.0,764.0,721.0,617.0,564.0,513.0,424.0,374.0,406.0,353.0,315.0,284.0,254.0,237.0,212.0,232.0,191.0,222.0,231.0,206.0,261.0,178.0,193.0,171.0,160.0,160.0,179.0,145.0,161.0,162.0,153.0,147.0,159.0,194.0,145.0,145.0,141.0,144.0,152.0,149.0,124.0,113.0,114.0,121.0,88.0,83.0,104.0,90.0,74.0,96.0,90.0,78.0,82.0,95.0,86.0,83.0,83.0
MS,M,,,,,5.0,,,5.0,8.0,9.0,11.0,5.0,11.0,8.0,5.0,8.0,12.0,10.0,6.0,14.0,17.0,9.0,7.0,10.0,14.0,11.0,13.0,14.0,12.0,14.0,12.0,11.0,13.0,11.0,10.0,6.0,11.0,6.0,11.0,,13.0,5.0,7.0,5.0,,7.0,6.0,6.0,8.0,,,,6.0,,,,,,,,,,,,,,,,,,,,,,,,,,,,,,,,,,,,,,,,,,,,,,,,,,,,,,,,
MT,F,81.0,72.0,108.0,140.0,187.0,244.0,257.0,289.0,342.0,287.0,311.0,326.0,281.0,256.0,261.0,213.0,217.0,200.0,200.0,211.0,208.0,184.0,192.0,170.0,232.0,184.0,184.0,177.0,177.0,164.0,185.0,186.0,209.0,204.0,192.0,169.0,240.0,221.0,228.0,249.0,265.0,238.0,252.0,236.0,253.0,253.0,235.0,239.0,187.0,211.0,191.0,170.0,135.0,126.0,107.0,121.0,79.0,62.0,68.0,48.0,50.0,51.0,35.0,38.0,31.0,30.0,33.0,29.0,33.0,40.0,31.0,42.0,32.0,29.0,35.0,16.0,27.0,19.0,27.0,26.0,24.0,22.0,23.0,18.0,23.0,16.0,17.0,11.0,12.0,16.0,21.0,11.0,7.0,15.0,5.0,10.0,9.0,10.0,10.0,7.0,8.0,5.0,9.0,7.0,8.0,,6.0,7.0,7.0
NC,F,837.0,838.0,1086.0,1180.0,1581.0,1946.0,2056.0,2129.0,2344.0,2578.0,2674.0,2811.0,2853.0,2891.0,3125.0,2916.0,2910.0,2968.0,2897.0,2665.0,2484.0,2442.0,2674.0,2388.0,2443.0,2411.0,2255.0,2305.0,2346.0,2288.0,2281.0,2250.0,2415.0,2448.0,2314.0,2224.0,2414.0,2570.0,2401.0,2237.0,2033.0,2118.0,1955.0,1783.0,1699.0,1680.0,1522.0,1504.0,1353.0,1257.0,1164.0,1175.0,1084.0,1062.0,999.0,894.0,764.0,705.0,650.0,635.0,647.0,555.0,471.0,434.0,413.0,383.0,368.0,384.0,358.0,381.0,423.0,417.0,377.0,357.0,337.0,369.0,333.0,369.0,337.0,355.0,358.0,386.0,355.0,345.0,339.0,285.0,291.0,292.0,285.0,312.0,280.0,265.0,228.0,244.0,262.0,221.0,214.0,183.0,162.0,145.0,141.0,130.0,110.0,115.0,114.0,105.0,130.0,112.0,110.0
NC,M,,,5.0,6.0,,9.0,12.0,8.0,10.0,11.0,5.0,9.0,16.0,14.0,12.0,15.0,19.0,24.0,25.0,25.0,25.0,16.0,16.0,25.0,17.0,18.0,12.0,13.0,17.0,21.0,21.0,16.0,14.0,13.0,12.0,7.0,8.0,8.0,,6.0,8.0,,10.0,8.0,7.0,,5.0,5.0,,,7.0,,,,,,,,,6.0,,,,,,5.0,,,,,,,,,,,,,5.0,,,,,,,,,,,,,,,,,,,,,,,,,,,,,,
ND,F,85.0,96.0,100.0,114.0,142.0,196.0,271.0,234.0,199.0,220.0,230.0,241.0,225.0,220.0,231.0,214.0,216.0,238.0,216.0,213.0,210.0,198.0,200.0,194.0,202.0,189.0,236.0,182.0,204.0,199.0,230.0,222.0,228.0,214.0,256.0,227.0,295.0,298.0,315.0,269.0,290.0,250.0,270.0,283.0,269.0,246.0,288.0,248.0,217.0,231.0,202.0,182.0,169.0,143.0,133.0,117.0,94.0,64.0,71.0,66.0,43.0,43.0,43.0,24.0,32.0,31.0,37.0,34.0,30.0,23.0,27.0,20.0,24.0,24.0,21.0,24.0,17.0,22.0,21.0,13.0,12.0,9.0,11.0,15.0,8.0,20.0,8.0,8.0,10.0,7.0,6.0,6.0,9.0,6.0,7.0,6.0,6.0,7.0,,8.0,,,9.0,,5.0,8.0,10.0,6.0,6.0
NE,F,161.0,142.0,215.0,255.0,288.0,371.0,413.0,439.0,486.0,435.0,516.0,574.0,531.0,533.0,581.0,485.0,483.0,577.0,513.0,545.0,535.0,546.0,514.0,476.0,561.0,480.0,503.0,466.0,510.0,458.0,460.0,421.0,454.0,506.0,530.0,498.0,562.0,624.0,658.0,644.0,665.0,619.0,639.0,631.0,621.0,552.0,618.0,512.0,478.0,493.0,452.0,433.0,326.0,399.0,396.0,283.0,197.0,177.0,152.0,133.0,145.0,120.0,108.0,86.0,77.0,64.0,72.0,64.0,56.0,64.0,78.0,74.0,81.0,68.0,53.0,56.0,47.0,67.0,52.0,54.0,46.0,51.0,44.0,58.0,43.0,47.0,40.0,47.0,50.0,40.0,38.0,33.0,28.0,38.0,31.0,22.0,37.0,16.0,21.0,26.0,12.0,16.0,22.0,19.0,13.0,18.0,20.0,16.0,11.0
NE,M,,,,,,,,,,,,,,,,,,,,,,,5.0,,,,,5.0,,,,,,,,,,,,,,,,,,,,,,,,,,,,,,,,,,,,,,,,,,,,,,,,,,,,,,,,,,,,,,,,,,,,,,,,,,,,,,,,,
NH,F,50.0,68.0,95.0,98.0,138.0,186.0,157.0,139.0,158.0,181.0,156.0,182.0,171.0,148.0,167.0,154.0,137.0,136.0,151.0,107.0,124.0,110.0,124.0,113.0,100.0,96.0,90.0,101.0,107.0,104.0,112.0,121.0,119.0,116.0,113.0,125.0,146.0,162.0,158.0,146.0,135.0,136.0,110.0,128.0,121.0,131.0,135.0,153.0,120.0,127.0,119.0,107.0,102.0,103.0,104.0,99.0,62.0,77.0,54.0,35.0,56.0,37.0,35.0,33.0,44.0,34.0,24.0,27.0,25.0,34.0,39.0,37.0,37.0,22.0,27.0,32.0,30.0,31.0,25.0,37.0,31.0,27.0,31.0,26.0,29.0,32.0,12.0,25.0,23.0,27.0,16.0,25.0,27.0,22.0,15.0,26.0,14.0,7.0,5.0,10.0,10.0,,5.0,,16.0,13.0,5.0,9.0,5.0
NJ,F,593.0,733.0,1024.0,1078.0,1449.0,1923.0,1881.0,2015.0,1990.0,1869.0,1885.0,1922.0,1801.0,1786.0,1772.0,1615.0,1466.0,1568.0,1522.0,1399.0,1388.0,1272.0,1265.0,1141.0,1062.0,1038.0,964.0,1057.0,1001.0,1011.0,1013.0,1128.0,1331.0,1324.0,1240.0,1203.0,1420.0,1448.0,1399.0,1324.0,1333.0,1406.0,1469.0,1553.0,1823.0,1709.0,1775.0,1780.0,1725.0,1567.0,1621.0,1462.0,1272.0,1301.0,1243.0,1072.0,869.0,775.0,608.0,566.0,491.0,474.0,367.0,301.0,263.0,262.0,228.0,272.0,210.0,225.0,225.0,211.0,221.0,200.0,202.0,199.0,187.0,193.0,189.0,203.0,202.0,233.0,214.0,190.0,169.0,133.0,163.0,156.0,136.0,147.0,120.0,118.0,127.0,112.0,103.0,82.0,81.0,70.0,63.0,44.0,49.0,47.0,42.0,44.0,45.0,49.0,33.0,37.0,30.0
NJ,M,,,,,,,5.0,,,,,,,,,,9.0,,6.0,6.0,,6.0,5.0,8.0,,,5.0,9.0,,8.0,,,,5.0,,5.0,8.0,7.0,,8.0,,,,,,5.0,5.0,6.0,,,,,6.0,,5.0,,,,,,5.0,5.0,,,,,,,,,,,,,,,,,,,,,,,,,,,,,,,,,,,,,,,,,,,,,,,
NM,F,98.0,111.0,155.0,127.0,140.0,202.0,250.0,239.0,319.0,270.0,307.0,416.0,378.0,381.0,400.0,392.0,343.0,394.0,380.0,394.0,389.0,389.0,402.0,370.0,433.0,475.0,432.0,482.0,453.0,504.0,481.0,505.0,519.0,528.0,509.0,469.0,557.0,589.0,547.0,522.0,512.0,516.0,508.0,486.0,511.0,455.0,426.0,439.0,386.0,366.0,342.0,290.0,285.0,263.0,257.0,208.0,170.0,144.0,120.0,97.0,111.0,86.0,77.0,72.0,73.0,60.0,60.0,72.0,61.0,72.0,57.0,58.0,69.0,48.0,45.0,46.0,46.0,38.0,34.0,51.0,43.0,34.0,25.0,29.0,26.0,22.0,34.0,14.0,28.0,13.0,29.0,22.0,21.0,15.0,16.0,15.0,16.0,17.0,18.0,11.0,14.0,,8.0,6.0,12.0,12.0,10.0,6.0,10.0
NM,M,,,,,,,,,,,,,,,,5.0,,,,,6.0,7.0,6.0,9.0,,5.0,7.0,,,5.0,6.0,,6.0,,5.0,,,,,7.0,,,,,,,,,,,,,,,,,,,,,,,,,,,,,,,,,,,,,,,,,,,,,,,,,,,,,,,,,,,,,,,,,,,,,
NV,F,10.0,6.0,5.0,21.0,12.0,27.0,40.0,31.0,31.0,37.0,28.0,33.0,30.0,29.0,29.0,36.0,33.0,34.0,25.0,22.0,25.0,21.0,23.0,21.0,23.0,29.0,32.0,35.0,14.0,30.0,22.0,23.0,48.0,50.0,50.0,54.0,45.0,61.0,48.0,57.0,49.0,54.0,60.0,61.0,65.0,67.0,59.0,69.0,40.0,46.0,50.0,46.0,51.0,54.0,58.0,69.0,40.0,52.0,32.0,41.0,32.0,36.0,36.0,24.0,16.0,25.0,20.0,19.0,19.0,28.0,27.0,28.0,29.0,28.0,27.0,21.0,21.0,22.0,25.0,26.0,24.0,33.0,25.0,24.0,29.0,33.0,27.0,22.0,21.0,29.0,18.0,22.0,25.0,17.0,15.0,20.0,23.0,16.0,11.0,13.0,13.0,10.0,17.0,19.0,9.0,8.0,15.0,16.0,11.0
NY,F,1923.0,2322.0,2909.0,3267.0,4245.0,5342.0,5497.0,5502.0,5523.0,5061.0,5299.0,5413.0,5304.0,5159.0,5144.0,4915.0,4780.0,5094.0,4907.0,4762.0,4856.0,4595.0,4256.0,3934.0,3701.0,3767.0,3689.0,3805.0,3622.0,3569.0,3663.0,3881.0,4171.0,4451.0,4099.0,3906.0,4798.0,4967.0,4720.0,4598.0,4739.0,4733.0,4938.0,4916.0,5468.0,5117.0,5066.0,5266.0,5009.0,4871.0,4631.0,4433.0,3819.0,3783.0,3622.0,3076.0,2547.0,2203.0,1798.0,1555.0,1472.0,1142.0,952.0,820.0,798.0,689.0,670.0,665.0,539.0,570.0,596.0,585.0,553.0,539.0,463.0,455.0,419.0,453.0,434.0,461.0,466.0,469.0,464.0,444.0,380.0,374.0,312.0,334.0,295.0,277.0,294.0,247.0,247.0,206.0,214.0,208.0,154.0,150.0,142.0,130.0,146.0,93.0,101.0,105.0,123.0,94.0,92.0,82.0,91.0
NY,M,11.0,9.0,8.0,10.0,9.0,10.0,8.0,16.0,16.0,9.0,10.0,13.0,8.0,10.0,16.0,17.0,23.0,16.0,20.0,18.0,20.0,14.0,21.0,21.0,16.0,14.0,13.0,13.0,10.0,14.0,20.0,9.0,10.0,18.0,13.0,11.0,7.0,6.0,10.0,9.0,7.0,5.0,12.0,10.0,20.0,10.0,6.0,11.0,6.0,11.0,13.0,13.0,19.0,10.0,13.0,9.0,9.0,12.0,,11.0,10.0,,,5.0,,,,5.0,5.0,,5.0,,6.0,,,5.0,6.0,,,,,,,5.0,,,,,,,,,,,,,,,,,,,,,,,,,
OH,F,1099.0,1277.0,1868.0,2181.0,2731.0,3653.0,3736.0,3947.0,4202.0,3812.0,4232.0,4386.0,4383.0,4127.0,4201.0,3812.0,3806.0,4027.0,4004.0,3554.0,3585.0,3266.0,3089.0,2919.0,2903.0,2753.0,2767.0,2758.0,2790.0,2720.0,2692.0,2722.0,3036.0,3166.0,2885.0,2680.0,3333.0,3563.0,3464.0,3378.0,3321.0,3520.0,3559.0,3370.0,3758.0,3557.0,3471.0,3454.0,3088.0,3053.0,2904.0,2568.0,2434.0,2285.0,2245.0,1881.0,1638.0,1405.0,1177.0,1128.0,1098.0,963.0,760.0,679.0,700.0,627.0,547.0,559.0,553.0,525.0,565.0,592.0,505.0,488.0,445.0,428.0,400.0,377.0,373.0,372.0,388.0,388.0,410.0,359.0,350.0,358.0,332.0,326.0,304.0,322.0,240.0,238.0,227.0,207.0,176.0,186.0,180.0,154.0,114.0,119.0,114.0,126.0,112.0,96.0,99.0,118.0,95.0,98.0,82.0
OH,M,6.0,6.0,,,9.0,7.0,5.0,9.0,11.0,7.0,12.0,10.0,6.0,14.0,7.0,11.0,13.0,13.0,13.0,8.0,13.0,10.0,21.0,17.0,13.0,9.0,11.0,7.0,11.0,11.0,13.0,7.0,14.0,6.0,8.0,8.0,6.0,9.0,12.0,8.0,,8.0,8.0,5.0,7.0,7.0,9.0,11.0,6.0,8.0,8.0,9.0,9.0,8.0,6.0,10.0,5.0,5.0,,6.0,5.0,,5.0,,7.0,,,,,,,,5.0,,,,,,,5.0,,,,,,,,,,,,,,,,,,,,,,,,,,,,,
OK,F,326.0,348.0,431.0,525.0,572.0,763.0,815.0,931.0,1036.0,1051.0,1313.0,1338.0,1358.0,1446.0,1462.0,1451.0,1411.0,1502.0,1342.0,1350.0,1319.0,1237.0,1224.0,1254.0,1222.0,1155.0,1097.0,1094.0,1117.0,1081.0,1042.0,1057.0,1067.0,1047.0,997.0,851.0,877.0,914.0,819.0,809.0,815.0,746.0,709.0,661.0,670.0,605.0,547.0,541.0,468.0,460.0,469.0,413.0,364.0,359.0,347.0,298.0,254.0,227.0,210.0,204.0,193.0,193.0,169.0,129.0,138.0,126.0,126.0,155.0,126.0,162.0,167.0,166.0,168.0,169.0,144.0,136.0,127.0,97.0,94.0,95.0,97.0,92.0,101.0,91.0,83.0,82.0,70.0,65.0,70.0,58.0,78.0,63.0,57.0,51.0,55.0,51.0,42.0,39.0,46.0,39.0,29.0,29.0,22.0,29.0,32.0,25.0,28.0,32.0,25.0
OK,M,,,,,,,,,,,5.0,6.0,,,5.0,5.0,,,5.0,,5.0,14.0,,5.0,,,5.0,5.0,,,6.0,6.0,,,8.0,,,6.0,,,,,,6.0,,,,,,,,,,,,,,,,,,,,,,,,,,,,,,,,,,,,,,,,,,,,,,,,,,,,,,,,,,,,,,,,,
OR,F,54.0,73.0,129.0,136.0,149.0,248.0,198.0,249.0,230.0,256.0,271.0,326.0,271.0,321.0,291.0,274.0,238.0,259.0,253.0,243.0,268.0,217.0,198.0,188.0,206.0,190.0,210.0,238.0,253.0,235.0,250.0,255.0,351.0,395.0,367.0,371.0,421.0,504.0,442.0,435.0,429.0,450.0,440.0,486.0,459.0,417.0,374.0,383.0,362.0,295.0,323.0,305.0,234.0,222.0,251.0,229.0,160.0,165.0,144.0,132.0,122.0,111.0,98.0,90.0,83.0,94.0,94.0,84.0,97.0,99.0,118.0,109.0,121.0,80.0,87.0,82.0,68.0,63.0,68.0,69.0,85.0,80.0,63.0,74.0,56.0,49.0,60.0,62.0,54.0,66.0,60.0,39.0,39.0,44.0,41.0,27.0,44.0,31.0,40.0,32.0,22.0,20.0,14.0,20.0,20.0,11.0,15.0,19.0,18.0
PA,F,2913.0,3188.0,4106.0,4739.0,5981.0,7970.0,7730.0,7988.0,8184.0,7428.0,7650.0,7772.0,7302.0,7035.0,7200.0,6563.0,6008.0,6229.0,5739.0,5302.0,5188.0,4916.0,4535.0,4122.0,4091.0,3929.0,3933.0,4037.0,4059.0,3878.0,3943.0,4085.0,4476.0,4470.0,3952.0,3658.0,4455.0,4845.0,4441.0,4350.0,4074.0,4212.0,4167.0,4027.0,4400.0,4072.0,3869.0,3971.0,3696.0,3575.0,3295.0,3037.0,2632.0,2577.0,2532.0,2048.0,1695.0,1418.0,1274.0,1145.0,1048.0,808.0,739.0,611.0,592.0,581.0,476.0,526.0,467.0,501.0,531.0,503.0,498.0,455.0,431.0,398.0,388.0,364.0,400.0,447.0,415.0,415.0,430.0,437.0,431.0,368.0,360.0,305.0,289.0,320.0,311.0,300.0,266.0,225.0,223.0,202.0,184.0,191.0,166.0,160.0,158.0,129.0,130.0,124.0,124.0,134.0,123.0,108.0,101.0
PA,M,9.0,17.0,11.0,14.0,18.0,17.0,25.0,11.0,13.0,9.0,14.0,13.0,18.0,9.0,7.0,20.0,14.0,11.0,12.0,17.0,19.0,11.0,16.0,12.0,15.0,14.0,12.0,10.0,18.0,12.0,13.0,24.0,8.0,10.0,9.0,6.0,5.0,,9.0,11.0,5.0,11.0,10.0,7.0,8.0,8.0,7.0,8.0,8.0,,10.0,6.0,8.0,5.0,7.0,,7.0,8.0,7.0,7.0,5.0,,,,,6.0,,,,,,,,,,,,7.0,,,,,,,,,,,,,,,,,,,,,,,,,,,,,,,
RI,F,141.0,168.0,266.0,269.0,350.0,415.0,414.0,442.0,458.0,410.0,452.0,485.0,461.0,426.0,414.0,382.0,309.0,338.0,319.0,269.0,278.0,216.0,225.0,187.0,165.0,172.0,167.0,143.0,164.0,180.0,177.0,171.0,173.0,234.0,195.0,215.0,253.0,281.0,243.0,226.0,226.0,256.0,250.0,259.0,300.0,278.0,293.0,266.0,268.0,258.0,241.0,227.0,235.0,203.0,188.0,150.0,116.0,101.0,79.0,66.0,77.0,66.0,37.0,34.0,28.0,23.0,29.0,31.0,24.0,31.0,32.0,27.0,21.0,31.0,30.0,23.0,27.0,25.0,23.0,24.0,31.0,21.0,29.0,24.0,21.0,19.0,14.0,12.0,20.0,12.0,16.0,11.0,14.0,17.0,13.0,14.0,12.0,7.0,8.0,6.0,5.0,8.0,,8.0,6.0,6.0,8.0,,8.0
SC,F,602.0,508.0,711.0,725.0,908.0,1098.0,1243.0,1263.0,1412.0,1616.0,1615.0,1688.0,1635.0,1647.0,1742.0,1669.0,1628.0,1638.0,1539.0,1417.0,1452.0,1365.0,1563.0,1466.0,1527.0,1462.0,1436.0,1548.0,1479.0,1483.0,1569.0,1627.0,1634.0,1698.0,1604.0,1549.0,1569.0,1711.0,1640.0,1593.0,1456.0,1460.0,1396.0,1361.0,1301.0,1142.0,1098.0,994.0,898.0,875.0,805.0,750.0,717.0,645.0,617.0,532.0,469.0,475.0,423.0,365.0,364.0,338.0,277.0,273.0,245.0,233.0,240.0,237.0,228.0,243.0,235.0,225.0,225.0,203.0,202.0,214.0,162.0,178.0,189.0,196.0,188.0,207.0,209.0,178.0,168.0,188.0,197.0,171.0,175.0,162.0,167.0,174.0,159.0,142.0,124.0,142.0,123.0,103.0,98.0,95.0,72.0,97.0,79.0,95.0,92.0,88.0,72.0,77.0,65.0
SC,M,,,5.0,5.0,8.0,5.0,,8.0,5.0,8.0,7.0,7.0,6.0,5.0,11.0,9.0,10.0,9.0,11.0,5.0,11.0,13.0,9.0,12.0,9.0,10.0,14.0,14.0,12.0,15.0,14.0,17.0,8.0,12.0,5.0,13.0,,12.0,,8.0,6.0,5.0,,5.0,,,,,6.0,,7.0,,,,,,,,,,,,,,,,,,,,,,,,,,,,,,,,,,,,,,,,,,,,,,,,,,,,,,,,,,
SD,F,58.0,68.0,108.0,111.0,128.0,177.0,192.0,228.0,229.0,208.0,229.0,273.0,249.0,269.0,250.0,265.0,227.0,238.0,224.0,232.0,238.0,229.0,274.0,244.0,243.0,248.0,226.0,228.0,225.0,215.0,209.0,216.0,225.0,271.0,273.0,225.0,300.0,310.0,317.0,357.0,338.0,306.0,299.0,314.0,338.0,314.0,269.0,239.0,229.0,226.0,216.0,187.0,171.0,190.0,177.0,115.0,115.0,99.0,85.0,66.0,55.0,51.0,37.0,25.0,37.0,26.0,27.0,27.0,26.0,30.0,35.0,34.0,38.0,16.0,23.0,17.0,24.0,22.0,23.0,26.0,16.0,18.0,25.0,21.0,19.0,21.0,9.0,13.0,11.0,12.0,16.0,13.0,15.0,13.0,,7.0,10.0,11.0,,6.0,11.0,5.0,7.0,5.0,6.0,9.0,,7.0,5.0
TN,F,735.0,721.0,869.0,1029.0,1158.0,1515.0,1723.0,1744.0,1909.0,2001.0,2076.0,2256.0,2245.0,2372.0,2473.0,2443.0,2150.0,2330.0,2116.0,2027.0,2104.0,2042.0,2022.0,1846.0,1958.0,1952.0,1793.0,1741.0,1827.0,1735.0,1780.0,1926.0,1867.0,1927.0,1810.0,1646.0,1876.0,1928.0,1779.0,1670.0,1551.0,1547.0,1488.0,1461.0,1322.0,1286.0,1205.0,1105.0,1035.0,973.0,907.0,873.0,798.0,767.0,756.0,637.0,563.0,559.0,503.0,525.0,520.0,469.0,413.0,408.0,349.0,342.0,337.0,327.0,352.0,350.0,363.0,365.0,364.0,344.0,314.0,320.0,287.0,320.0,313.0,302.0,281.0,297.0,308.0,325.0,302.0,270.0,290.0,268.0,257.0,229.0,259.0,248.0,231.0,215.0,178.0,194.0,162.0,173.0,169.0,165.0,127.0,103.0,112.0,103.0,102.0,124.0,112.0,99.0,127.0
TN,M,,6.0,,,,6.0,10.0,7.0,,,12.0,8.0,6.0,8.0,12.0,12.0,5.0,13.0,11.0,12.0,11.0,15.0,14.0,9.0,9.0,11.0,14.0,10.0,12.0,6.0,7.0,12.0,7.0,5.0,,5.0,8.0,6.0,,6.0,7.0,,,,,,8.0,,,6.0,,,,,,,,,,,,,,,,,,,,,,,,,,,,,,,,,,,,,,,,,,,,,,,,,,,,,,,,,,,
TX,F,895.0,906.0,1179.0,1425.0,1707.0,2051.0,2328.0,2504.0,2589.0,2740.0,3192.0,3414.0,3371.0,3246.0,3528.0,3535.0,3442.0,3607.0,3419.0,3424.0,3394.0,3301.0,3182.0,2999.0,3252.0,3180.0,3111.0,3123.0,3382.0,3254.0,3375.0,3620.0,3772.0,4065.0,4139.0,3779.0,4205.0,4211.0,4175.0,4143.0,4063.0,4000.0,4147.0,4161.0,4080.0,3723.0,3617.0,3618.0,3264.0,3076.0,2769.0,2614.0,2436.0,2342.0,2333.0,1891.0,1719.0,1561.0,1423.0,1351.0,1352.0,1257.0,969.0,969.0,915.0,875.0,770.0,794.0,755.0,868.0,905.0,821.0,901.0,783.0,748.0,804.0,728.0,650.0,659.0,665.0,663.0,595.0,615.0,552.0,526.0,557.0,463.0,446.0,425.0,477.0,428.0,370.0,381.0,346.0,333.0,314.0,315.0,270.0,264.0,248.0,198.0,211.0,205.0,204.0,221.0,221.0,209.0,194.0,191.0
TX,M,6.0,6.0,7.0,8.0,7.0,,,10.0,14.0,9.0,10.0,6.0,9.0,18.0,7.0,16.0,19.0,15.0,14.0,20.0,30.0,25.0,31.0,29.0,24.0,18.0,18.0,20.0,23.0,17.0,25.0,25.0,20.0,37.0,26.0,15.0,21.0,19.0,16.0,14.0,9.0,16.0,23.0,10.0,17.0,8.0,9.0,19.0,13.0,13.0,9.0,18.0,12.0,7.0,7.0,7.0,10.0,12.0,7.0,10.0,5.0,5.0,,5.0,,5.0,7.0,5.0,6.0,8.0,7.0,,,,,12.0,7.0,6.0,,,,,,,,,,,,,,,,,,,,,,,,,,,,,,,
UT,F,57.0,71.0,86.0,82.0,123.0,183.0,172.0,203.0,206.0,195.0,222.0,235.0,223.0,219.0,187.0,189.0,202.0,200.0,178.0,178.0,161.0,187.0,164.0,164.0,158.0,160.0,185.0,161.0,165.0,179.0,168.0,168.0,189.0,240.0,218.0,195.0,220.0,240.0,256.0,233.0,240.0,234.0,230.0,230.0,230.0,181.0,205.0,207.0,183.0,164.0,148.0,145.0,171.0,137.0,129.0,125.0,110.0,89.0,81.0,79.0,97.0,77.0,77.0,84.0,70.0,89.0,88.0,98.0,101.0,113.0,109.0,112.0,104.0,79.0,84.0,83.0,53.0,56.0,61.0,60.0,68.0,71.0,64.0,62.0,53.0,56.0,65.0,60.0,86.0,63.0,58.0,57.0,60.0,64.0,50.0,51.0,53.0,48.0,54.0,47.0,30.0,40.0,36.0,25.0,33.0,36.0,32.0,35.0,18.0
UT,M,,,,,,,,,,,,,,,,,,,,,,,,,,,,,,,,,,,,,,,,,,,,,,,,,,,,,,,,,,,,,,,,,,,,,,,,5.0,,,,,,,,,,,,,,,,,,,,,,,,,,,,,,,,,,,,,
VA,F,848.0,747.0,998.0,1060.0,1265.0,1576.0,1652.0,1783.0,1919.0,1939.0,2046.0,2059.0,2011.0,2021.0,2075.0,1940.0,1844.0,1788.0,1699.0,1599.0,1659.0,1557.0,1581.0,1449.0,1539.0,1465.0,1378.0,1452.0,1387.0,1349.0,1426.0,1500.0,1621.0,1627.0,1547.0,1516.0,1564.0,1599.0,1487.0,1600.0,1449.0,1399.0,1386.0,1365.0,1367.0,1262.0,1287.0,1194.0,1072.0,1079.0,1097.0,985.0,945.0,908.0,896.0,823.0,775.0,619.0,552.0,508.0,537.0,543.0,395.0,396.0,350.0,340.0,286.0,327.0,296.0,299.0,365.0,347.0,359.0,320.0,311.0,318.0,284.0,268.0,317.0,298.0,327.0,308.0,313.0,327.0,274.0,251.0,249.0,233.0,228.0,217.0,219.0,209.0,191.0,166.0,165.0,176.0,139.0,115.0,122.0,98.0,90.0,99.0,95.0,82.0,92.0,97.0,90.0,75.0,77.0
VA,M,7.0,,7.0,7.0,5.0,6.0,6.0,,,,12.0,6.0,5.0,9.0,5.0,,9.0,6.0,12.0,12.0,8.0,7.0,8.0,6.0,8.0,9.0,8.0,,15.0,,12.0,7.0,9.0,,7.0,,6.0,,5.0,,,6.0,,,,,,5.0,,,6.0,,,,,,,,,5.0,,7.0,5.0,,,,,,,,,,,,,,,,,,,,,,,,,,,,,,,,,,,,,,,,,,,,,,
VT,F,45.0,62.0,95.0,80.0,106.0,120.0,144.0,126.0,139.0,121.0,132.0,154.0,129.0,119.0,124.0,141.0,113.0,115.0,123.0,141.0,126.0,114.0,127.0,117.0,114.0,99.0,112.0,104.0,105.0,106.0,123.0,111.0,128.0,121.0,118.0,120.0,132.0,183.0,146.0,173.0,155.0,148.0,154.0,174.0,186.0,144.0,123.0,156.0,117.0,126.0,102.0,97.0,81.0,84.0,96.0,73.0,61.0,56.0,42.0,39.0,35.0,44.0,31.0,18.0,20.0,20.0,23.0,22.0,20.0,27.0,32.0,23.0,13.0,18.0,18.0,20.0,19.0,9.0,14.0,13.0,22.0,13.0,17.0,11.0,14.0,9.0,15.0,6.0,10.0,13.0,13.0,10.0,11.0,15.0,5.0,,,,8.0,,,,,,,5.0,,,
WA,F,112.0,131.0,207.0,235.0,281.0,368.0,364.0,408.0,479.0,419.0,544.0,531.0,531.0,475.0,464.0,436.0,435.0,462.0,400.0,432.0,401.0,377.0,398.0,388.0,361.0,375.0,351.0,378.0,382.0,349.0,368.0,423.0,571.0,601.0,684.0,655.0,753.0,790.0,805.0,796.0,819.0,737.0,828.0,759.0,790.0,734.0,701.0,685.0,621.0,683.0,549.0,495.0,513.0,465.0,443.0,352.0,325.0,326.0,226.0,231.0,228.0,177.0,131.0,166.0,122.0,133.0,119.0,133.0,123.0,161.0,193.0,179.0,149.0,147.0,145.0,123.0,122.0,134.0,112.0,140.0,129.0,117.0,114.0,83.0,108.0,103.0,108.0,93.0,85.0,78.0,74.0,90.0,74.0,80.0,71.0,62.0,61.0,60.0,50.0,47.0,40.0,38.0,35.0,39.0,32.0,45.0,36.0,35.0,46.0
WA,M,,,,,,,,,,,,,,,,,,,,,,,,,,,,,,,,,,,,,,,,,,,,5.0,,,,,,,,,5.0,,,,,,,,,,,,,,,,,,,,,,,,,,,,,,,,,,,,,,,,,,,,,,,,,,,,,,,,
WI,F,260.0,278.0,394.0,458.0,541.0,759.0,838.0,838.0,873.0,771.0,920.0,950.0,970.0,928.0,976.0,1010.0,960.0,1119.0,1130.0,1130.0,1129.0,1089.0,1118.0,1042.0,1178.0,1115.0,1189.0,1274.0,1308.0,1288.0,1462.0,1312.0,1583.0,1724.0,1699.0,1780.0,1972.0,2255.0,2170.0,2069.0,2062.0,2252.0,2241.0,2131.0,2398.0,2201.0,2012.0,2129.0,1864.0,1774.0,1792.0,1669.0,1463.0,1362.0,1310.0,1065.0,877.0,683.0,571.0,450.0,399.0,333.0,278.0,213.0,215.0,174.0,172.0,183.0,154.0,178.0,195.0,186.0,150.0,172.0,141.0,136.0,136.0,111.0,114.0,129.0,130.0,136.0,116.0,126.0,134.0,112.0,104.0,99.0,86.0,83.0,69.0,78.0,64.0,70.0,64.0,58.0,58.0,56.0,52.0,36.0,42.0,34.0,30.0,36.0,37.0,43.0,30.0,28.0,37.0
WI,M,,,,,,,,,,,,7.0,5.0,,,,,,,11.0,,,,,,,5.0,5.0,7.0,,,,6.0,8.0,,6.0,,,5.0,,,,5.0,,5.0,,,,,5.0,,6.0,,,,6.0,,,,,,,,,,,,,,,,,,,,,,,,,,,,,,,,,,,,,,,,,,,,,,,,,,,,,
WV,F,380.0,441.0,519.0,641.0,790.0,1054.0,1120.0,1230.0,1220.0,1225.0,1379.0,1494.0,1541.0,1522.0,1647.0,1549.0,1436.0,1467.0,1412.0,1286.0,1253.0,1184.0,1184.0,1110.0,1164.0,1150.0,1085.0,1129.0,1087.0,1026.0,1045.0,992.0,1041.0,1022.0,888.0,840.0,1016.0,1082.0,1015.0,957.0,889.0,843.0,824.0,766.0,717.0,625.0,645.0,560.0,491.0,492.0,449.0,468.0,422.0,374.0,436.0,357.0,285.0,228.0,248.0,229.0,224.0,218.0,189.0,173.0,157.0,143.0,151.0,159.0,140.0,154.0,147.0,127.0,106.0,115.0,98.0,103.0,78.0,75.0,72.0,80.0,62.0,55.0,61.0,60.0,44.0,41.0,53.0,35.0,57.0,37.0,35.0,21.0,26.0,33.0,31.0,15.0,19.0,21.0,15.0,16.0,13.0,16.0,,14.0,11.0,7.0,9.0,11.0,
WV,M,,,,,,,,,5.0,,,,,6.0,,,5.0,5.0,8.0,8.0,6.0,8.0,8.0,,,6.0,9.0,8.0,6.0,6.0,5.0,,5.0,,5.0,,5.0,5.0,,,,,,,,,,,,,,,,,,,,,,,,,,,,,,,,,,,,,,,,,,,,,,,,,,,,,,,,,,,,,,,,,,,,,,,
WY,F,27.0,30.0,44.0,50.0,55.0,57.0,95.0,89.0,106.0,104.0,112.0,149.0,130.0,127.0,142.0,132.0,116.0,124.0,108.0,106.0,109.0,96.0,100.0,76.0,105.0,97.0,108.0,121.0,105.0,95.0,94.0,109.0,96.0,103.0,104.0,102.0,119.0,127.0,113.0,113.0,138.0,115.0,115.0,127.0,135.0,97.0,96.0,108.0,93.0,83.0,84.0,59.0,52.0,68.0,66.0,47.0,48.0,41.0,28.0,28.0,31.0,25.0,19.0,14.0,31.0,13.0,16.0,17.0,24.0,31.0,24.0,36.0,28.0,24.0,17.0,14.0,18.0,13.0,9.0,13.0,12.0,13.0,11.0,,,5.0,8.0,6.0,11.0,5.0,12.0,5.0,9.0,,5.0,,,7.0,6.0,7.0,8.0,,,,5.0,,,,
